Date,Soil Moisture,Light Intensity,Temperature,Humidity
2023-10-22 13:00:00,482,724,22.434765625,43.796531734348
2023-10-22 14:00:00,648,707,22.368359375,56.511656460965305
2023-10-22 15:00:00,698,703,22.368359375,42.89336951806851
2023-10-22 16:00:00,709,703,22.368359375,41.93360864820714
2023-10-22 17:00:00,712,702,22.368359375,41.79176578800644
2023-10-22 18:00:00,712,702,21.484375,41.140098640900575
2023-10-22 19:00:00,712,4,22.368359375,54.76496722114032
2023-10-22 20:00:00,715,4,22.368359375,54.89311208952024
2023-10-22 21:00:00,715,46,22.368359375,45.586391616711744
2023-10-22 22:00:00,717,0,22.368359375,49.493991851673805
2023-10-22 23:00:00,719,0,22.368359375,59.397460706082406
2023-10-23 00:00:00,721,4,22.368359375,46.93594010772233
2023-10-23 01:00:00,720,0,22.368359375,59.299207128150144
2023-10-23 02:00:00,724,0,22.368359375,45.55712719686091
2023-10-23 03:00:00,724,0,22.368359375,61.81023197631488
2023-10-23 04:00:00,726,719,22.368359375,45.13190508280821
2023-10-23 05:00:00,725,716,22.368359375,58.788888463964085
2023-10-23 06:00:00,728,716,22.368359375,55.66579170129645
2023-10-23 07:00:00,728,716,22.368359375,57.0983650631429
2023-10-23 08:00:00,729,716,22.112890625,59.49236602916465
2023-10-23 09:00:00,729,716,22.368359375,57.77797938991027
2023-10-23 10:00:00,729,716,24.0853515625,56.358935626429584
2023-10-23 11:00:00,729,716,22.368359375,55.664114707563215
2023-10-23 12:00:00,729,716,22.368359375,55.91425051925427
2023-10-23 13:00:00,731,713,22.368359375,55.25207724862727
2023-10-23 14:00:00,730,716,22.368359375,55.1045089451201
2023-10-23 15:00:00,732,713,22.368359375,54.72369552078297
2023-10-23 16:00:00,735,713,22.368359375,45.01723425041473
2023-10-23 17:00:00,733,713,22.368359375,57.03730410396434
2023-10-23 18:00:00,733,713,22.368359375,47.42824872623709
2023-10-23 19:00:00,737,711,22.368359375,43.4317579945424
2023-10-23 20:00:00,737,1,22.368359375,44.04858558208683
2023-10-23 21:00:00,737,1,22.368359375,61.53363866002013
2023-10-23 22:00:00,738,1,22.368359375,49.10358817987691
2023-10-23 23:00:00,737,1,22.368359375,54.846639274203376
2023-10-24 00:00:00,737,1,22.368359375,61.60967627483476
2023-10-24 01:00:00,737,0,22.368359375,60.27043338439952
2023-10-24 02:00:00,738,0,22.368359375,63.54115380761554
2023-10-24 03:00:00,738,0,22.2865234375,56.18476321697512
2023-10-24 04:00:00,739,0,22.368359375,65.07418329923979
2023-10-24 05:00:00,737,718,22.368359375,59.64395505602913
2023-10-24 06:00:00,739,716,22.368359375,59.45000569492879
2023-10-24 07:00:00,738,713,22.368359375,59.05298512733811
2023-10-24 08:00:00,738,712,22.368359375,60.98352418566217
2023-10-24 09:00:00,739,715,22.368359375,58.47769555378556
2023-10-24 10:00:00,738,715,24.2845703125,57.757547012928455
2023-10-24 11:00:00,738,713,22.368359375,57.09506776013214
2023-10-24 12:00:00,738,713,22.368359375,56.84358581589454
2023-10-24 13:00:00,738,713,22.368359375,56.25138796715672
2023-10-24 14:00:00,738,713,22.368359375,55.94314104196202
2023-10-24 15:00:00,738,713,22.368359375,55.34859107748037
2023-10-24 16:00:00,740,713,22.368359375,46.25541181164831
2023-10-24 17:00:00,741,712,22.368359375,49.177964709084655
2023-10-24 18:00:00,740,712,22.368359375,51.222378766633454
2023-10-24 19:00:00,742,712,22.368359375,45.481876410573264
2023-10-24 20:00:00,742,116,22.368359375,44.649159244473815
2023-10-24 21:00:00,740,117,22.368359375,60.44362609618209
2023-10-24 22:00:00,743,119,22.368359375,45.70904085390668
2023-10-24 23:00:00,739,0,22.61875,61.47945343363133
2023-10-25 00:00:00,741,1,21.4638671875,62.382033100117006
2023-10-25 01:00:00,740,0,22.8587890625,60.70857335896879
2023-10-25 02:00:00,741,0,22.368359375,61.63433539015689
2023-10-25 03:00:00,740,0,22.368359375,61.321035470238094
2023-10-25 04:00:00,742,0,22.368359375,62.58748301219726
2023-10-25 05:00:00,740,716,22.368359375,60.356086004106416
2023-10-25 06:00:00,742,712,22.368359375,58.56932538762632
2023-10-25 07:00:00,741,712,23.0427734375,59.4043728985858
2023-10-25 08:00:00,741,711,23.635546875,58.392031172179145
2023-10-25 09:00:00,740,713,22.368359375,58.75842939539604
2023-10-25 10:00:00,740,713,22.368359375,58.727184501608505
2023-10-25 11:00:00,739,712,22.368359375,58.96034457912224
2023-10-25 12:00:00,740,712,22.368359375,58.86511446868641
2023-10-25 13:00:00,739,712,22.368359375,58.92898453556972
2023-10-25 14:00:00,738,712,22.368359375,58.24503799959361
2023-10-25 15:00:00,738,712,22.368359375,58.07617224705684
2023-10-25 16:00:00,741,711,22.368359375,47.04672288469294
2023-10-25 17:00:00,740,711,22.368359375,59.51001639770734
2023-10-25 18:00:00,739,712,22.368359375,57.87840100243599
2023-10-25 19:00:00,741,711,22.368359375,47.56429332498315
2023-10-25 20:00:00,741,117,22.368359375,45.76824739598045
2023-10-25 21:00:00,741,120,22.368359375,45.35651083551516
2023-10-25 22:00:00,740,119,22.368359375,62.18564623756966
2023-10-25 23:00:00,741,120,22.368359375,47.03319531567863
2023-10-26 00:00:00,738,119,22.368359375,63.85134746919423
2023-10-26 01:00:00,740,0,22.368359375,58.99576617153195
2023-10-26 02:00:00,741,0,22.368359375,52.908618672707526
2023-10-26 03:00:00,740,0,22.368359375,67.05774650506663
2023-10-26 04:00:00,742,0,22.368359375,50.39350185390946
2023-10-26 05:00:00,740,716,22.368359375,66.3591078771947
2023-10-26 06:00:00,742,712,22.368359375,49.03552603624002
2023-10-26 07:00:00,739,711,22.368359375,65.33550443641764
2023-10-26 08:00:00,740,711,22.368359375,66.21579530128355
2023-10-26 09:00:00,738,713,22.368359375,63.45952968135267
2023-10-26 10:00:00,738,713,22.368359375,63.438835938369095
2023-10-26 11:00:00,739,712,22.368359375,63.41608117132948
2023-10-26 12:00:00,738,712,22.368359375,62.84814329974076
2023-10-26 13:00:00,737,712,22.368359375,63.28140878577718
2023-10-26 14:00:00,737,712,22.368359375,62.13547673804346
2023-10-26 15:00:00,737,712,22.368359375,61.45893933989475
2023-10-26 16:00:00,740,712,22.368359375,48.39576857154197
2023-10-26 17:00:00,738,712,22.368359375,64.68460555736675
2023-10-26 18:00:00,739,709,24.1517578125,50.9339180140402
2023-10-26 19:00:00,740,708,22.368359375,45.37777183491391
2023-10-26 20:00:00,738,0,22.368359375,57.00289221398516
2023-10-26 21:00:00,739,0,22.368359375,49.30697787968798
2023-10-26 22:00:00,736,0,22.368359375,65.35541481209876
2023-10-26 23:00:00,737,0,22.368359375,59.332744305200805
2023-10-27 00:00:00,736,0,22.368359375,66.06003639796384
2023-10-27 01:00:00,737,0,22.368359375,65.20586170195647
2023-10-27 02:00:00,737,0,22.368359375,53.41533550499887
2023-10-27 03:00:00,737,0,22.368359375,66.14489697630846
2023-10-27 04:00:00,736,0,22.368359375,66.50594366716132
2023-10-27 05:00:00,736,719,22.368359375,64.58692219464471
2023-10-27 06:00:00,735,715,22.368359375,64.64674597931658
2023-10-27 07:00:00,735,714,22.368359375,64.90263517519827
2023-10-27 08:00:00,735,714,22.368359375,64.54374073576174
2023-10-27 09:00:00,735,716,22.368359375,63.78823886405258
2023-10-27 10:00:00,734,716,22.368359375,62.91704619429129
2023-10-27 11:00:00,735,716,22.368359375,51.38216219185696
2023-10-27 12:00:00,734,716,22.368359375,63.05975864759951
2023-10-27 13:00:00,734,716,22.368359375,52.899702719674345
2023-10-27 14:00:00,735,716,22.368359375,51.78475873194935
2023-10-27 15:00:00,734,716,22.368359375,51.14358122499032
2023-10-27 16:00:00,732,716,22.368359375,66.0612397162708
2023-10-27 17:00:00,732,716,22.368359375,63.76270067638284
2023-10-27 18:00:00,731,717,22.368359375,62.51568487466009
2023-10-27 19:00:00,734,714,22.368359375,47.78533381205264
2023-10-27 20:00:00,733,0,22.368359375,47.27339340583234
2023-10-27 21:00:00,680,0,22.5625,59.00020621473771
2023-10-27 22:00:00,680,0,22.368359375,64.4902315913144
2023-10-27 23:00:00,680,0,22.368359375,52.00568104947147
2023-10-28 00:00:00,672,0,22.368359375,60.495909890270944
2023-10-28 01:00:00,672,0,22.368359375,53.364341354114266
2023-10-28 02:00:00,672,0,22.368359375,67.60412063553039
2023-10-28 03:00:00,672,0,22.368359375,52.98522302007095
2023-10-28 04:00:00,672,0,22.368359375,70.34754648276841
2023-10-28 05:00:00,673,719,22.368359375,52.09366504738599
2023-10-28 06:00:00,672,716,22.368359375,67.59329631906012
2023-10-28 07:00:00,673,711,22.368359375,64.9634992318796
2023-10-28 08:00:00,672,711,22.368359375,67.98960772032474
2023-10-28 09:00:00,672,716,22.368359375,67.77595927458846
2023-10-28 10:00:00,673,716,22.368359375,53.127190972167455
2023-10-28 11:00:00,672,716,22.368359375,70.76256954960108
2023-10-28 12:00:00,674,711,22.368359375,52.63529855428912
2023-10-28 13:00:00,668,711,22.368359375,65.40913538838173
2023-10-28 14:00:00,671,711,22.368359375,51.69074727449927
2023-10-28 15:00:00,669,711,22.368359375,49.46979960802943
2023-10-28 16:00:00,669,711,22.368359375,49.09574312803978
2023-10-28 17:00:00,669,716,22.368359375,49.25950711578425
2023-10-28 18:00:00,666,715,22.368359375,61.45565205721317
2023-10-28 19:00:00,670,700,22.368359375,48.52940489754537
2023-10-28 20:00:00,671,0,22.368359375,46.05256233137011
2023-10-28 21:00:00,668,0,22.5625,62.9617055624181
2023-10-28 22:00:00,671,0,22.368359375,47.04786688582616
2023-10-28 23:00:00,670,0,22.368359375,56.61152840978274
2023-10-29 00:00:00,670,0,22.368359375,63.64009906372209
2023-10-29 01:00:00,671,0,22.368359375,49.61773907546477
2023-10-29 02:00:00,668,0,22.368359375,66.0053410656798
2023-10-29 03:00:00,669,0,22.368359375,59.38898113623846
2023-10-29 04:00:00,669,0,22.368359375,66.9576351004045
2023-10-29 05:00:00,669,704,22.368359375,60.26074559073465
2023-10-29 06:00:00,669,713,22.368359375,57.37290706540883
2023-10-29 07:00:00,667,710,22.368359375,66.4159631185297
2023-10-29 08:00:00,669,708,22.368359375,53.27427532436965
2023-10-29 09:00:00,667,709,22.368359375,67.03844413117723
2023-10-29 10:00:00,667,707,22.3427734375,64.75404241825632
2023-10-29 11:00:00,666,715,22.368359375,66.92513641670577
2023-10-29 12:00:00,666,715,22.368359375,64.94332205141342
2023-10-29 13:00:00,662,714,22.368359375,63.99170899215443
2023-10-29 14:00:00,662,713,22.368359375,58.62913092677851
2023-10-29 15:00:00,663,713,22.368359375,55.771805024825
2023-10-29 16:00:00,661,713,22.368359375,54.92989155990096
2023-10-29 17:00:00,672,736,22.368359375,52.45327352764083
2023-10-29 18:00:00,672,736,23.6611328125,50.67272838275595
2023-10-29 19:00:00,697,736,22.368359375,48.99980234655904
2023-10-29 20:00:00,697,0,23.0837890625,48.21078854160111
2023-10-29 21:00:00,697,0,22.368359375,47.63989358576131
2023-10-29 22:00:00,697,2,22.368359375,48.53289125859192
2023-10-29 23:00:00,697,1,22.368359375,46.82522613909421
2023-10-30 00:00:00,697,2,22.368359375,46.89144055844449
2023-10-30 01:00:00,697,1,22.368359375,46.24616642565671
2023-10-30 02:00:00,697,0,22.368359375,46.23320984180088
2023-10-30 03:00:00,700,0,22.368359375,45.754480457553655
2023-10-30 04:00:00,699,0,22.368359375,45.14233214665487
2023-10-30 05:00:00,699,723,22.368359375,43.552552972901154
2023-10-30 06:00:00,699,720,22.368359375,42.5058570377609
2023-10-30 07:00:00,699,719,22.368359375,41.93658077875548
2023-10-30 08:00:00,699,719,22.368359375,41.96279222728505
2023-10-30 09:00:00,698,721,22.368359375,41.40062208064667
2023-10-30 10:00:00,699,721,22.368359375,40.92726483140032
2023-10-30 11:00:00,698,721,22.368359375,40.31418912051496
2023-10-30 12:00:00,697,721,22.368359375,40.03296115971277
2023-10-30 13:00:00,696,720,22.368359375,39.69020981620371
2023-10-30 14:00:00,696,720,18.275390625,39.60013627775708
2023-10-30 15:00:00,696,720,22.368359375,40.054605854544526
2023-10-30 16:00:00,695,720,22.368359375,39.15174314302836
2023-10-30 17:00:00,695,719,22.368359375,39.25275752451837
2023-10-30 18:00:00,693,711,22.368359375,39.31442122559574
2023-10-30 19:00:00,692,720,22.368359375,39.774685268672535
2023-10-30 20:00:00,694,120,22.368359375,40.22373831743693
2023-10-30 21:00:00,694,120,22.368359375,41.06352778045802
2023-10-30 22:00:00,693,122,18.3876953125,41.35565935174229
2023-10-30 23:00:00,691,0,22.368359375,42.37946292702319
2023-10-31 00:00:00,691,0,22.368359375,40.77725965961646
2023-10-31 01:00:00,690,0,22.368359375,40.18751066975369
2023-10-31 02:00:00,690,0,22.368359375,38.97212589979495
2023-10-31 03:00:00,691,0,22.368359375,38.899062062489264
2023-10-31 04:00:00,690,0,22.368359375,39.59054764942832
2023-10-31 05:00:00,689,723,22.368359375,38.73021708821409
2023-10-31 06:00:00,689,719,22.368359375,38.8257306888155
2023-10-31 07:00:00,689,719,22.368359375,38.76386073270662
2023-10-31 08:00:00,688,718,22.368359375,37.62114105339633
2023-10-31 09:00:00,687,720,22.368359375,38.15601037692879
2023-10-31 10:00:00,687,720,22.368359375,36.928432367766206
2023-10-31 11:00:00,686,731,22.368359375,36.80398266380007
2023-10-31 12:00:00,687,731,19.8849609375,35.90258179311527
2023-10-31 13:00:00,685,731,22.368359375,35.742512753001726
2023-10-31 14:00:00,684,730,22.368359375,36.07304267412523
2023-10-31 15:00:00,684,712,22.368359375,36.35776333204717
2023-10-31 16:00:00,682,711,22.368359375,35.8003241721778
2023-10-31 17:00:00,682,711,22.368359375,35.516015628843974
2023-10-31 18:00:00,681,708,21.75,35.45839428012404
2023-10-31 19:00:00,682,709,22.368359375,35.75219456638282
2023-10-31 20:00:00,680,0,22.368359375,37.56257819177565
2023-10-31 21:00:00,679,1,22.368359375,38.4908687734474
2023-10-31 22:00:00,678,1,22.368359375,38.11815113858619
2023-10-31 23:00:00,677,1,22.368359375,38.24267316516067
2023-11-01 00:00:00,677,1,22.368359375,38.62687216796171
2023-11-01 01:00:00,677,0,22.368359375,37.46919278101802
2023-11-01 02:00:00,676,0,22.368359375,37.32401331840216
2023-11-01 03:00:00,675,0,22.368359375,38.05827452320512
2023-11-01 04:00:00,674,0,22.368359375,37.29766683404991
2023-11-01 05:00:00,673,716,22.368359375,35.74602173729679
2023-11-01 06:00:00,673,712,22.368359375,35.04099837205947
2023-11-01 07:00:00,672,711,22.368359375,34.61336785119412
2023-11-01 08:00:00,671,711,22.368359375,34.00592290469905
2023-11-01 09:00:00,670,712,22.368359375,32.94689756967635
2023-11-01 10:00:00,670,712,22.368359375,32.333592093778776
2023-11-01 11:00:00,670,712,22.368359375,32.261367517604185
2023-11-01 12:00:00,668,712,22.368359375,32.155022640681565
2023-11-01 13:00:00,666,711,22.368359375,32.957095925351794
2023-11-01 14:00:00,665,711,22.368359375,33.27368611031241
2023-11-01 15:00:00,663,712,22.368359375,33.29110012599896
2023-11-01 16:00:00,662,711,22.368359375,33.931019423734575
2023-11-01 17:00:00,660,711,22.368359375,34.040324942389205
2023-11-01 18:00:00,661,711,22.368359375,34.3544044419506
2023-11-01 19:00:00,657,709,22.368359375,34.488863582218066
2023-11-01 20:00:00,657,0,22.368359375,36.56469431985501
2023-11-01 21:00:00,658,0,22.368359375,36.44410594451569
2023-11-01 22:00:00,655,0,22.368359375,36.98575237690962
2023-11-01 23:00:00,655,0,22.368359375,35.87471811667824
2023-11-02 00:00:00,655,0,22.368359375,36.64397295805146
2023-11-02 01:00:00,654,0,22.368359375,35.9400843651853
2023-11-02 02:00:00,653,0,22.368359375,35.45445451128285
2023-11-02 03:00:00,652,0,22.368359375,36.44644295930782
2023-11-02 04:00:00,653,0,22.368359375,36.768750545034
2023-11-02 05:00:00,652,716,22.368359375,35.26255493052516
2023-11-02 06:00:00,651,713,22.368359375,35.23267158734152
2023-11-02 07:00:00,652,711,22.368359375,33.344928665508995
2023-11-02 08:00:00,652,712,22.368359375,34.339388140804004
2023-11-02 09:00:00,651,715,22.368359375,33.701735232469524
2023-11-02 10:00:00,649,714,22.368359375,33.498262045133075
2023-11-02 11:00:00,648,714,22.368359375,33.57051232437212
2023-11-02 12:00:00,647,714,22.368359375,32.96389191388662
2023-11-02 13:00:00,646,714,22.368359375,33.495761494105736
2023-11-02 14:00:00,644,714,22.368359375,33.462552440883954
2023-11-02 15:00:00,644,713,22.368359375,33.965297016130826
2023-11-02 16:00:00,643,713,22.368359375,34.255396541841186
2023-11-02 17:00:00,641,714,22.368359375,34.69394571195931
2023-11-02 18:00:00,640,714,22.368359375,35.03758580343784
2023-11-02 19:00:00,644,711,22.68515625,35.67672405321146
2023-11-02 20:00:00,651,0,22.368359375,36.33737924073164
2023-11-02 21:00:00,637,0,22.49609375,37.66738310342392
2023-11-02 22:00:00,636,0,22.368359375,37.68892217557211
2023-11-02 23:00:00,636,1,22.368359375,37.399619706734335
2023-11-03 00:00:00,634,0,22.368359375,37.21965513121388
2023-11-03 01:00:00,635,1,22.368359375,37.28296470055263
2023-11-03 02:00:00,633,4,22.368359375,37.23854010859935
2023-11-03 03:00:00,632,0,22.368359375,37.66436010194102
2023-11-03 04:00:00,633,0,21.5814453125,38.34941260367472
2023-11-03 05:00:00,631,727,22.368359375,37.987015776255056
2023-11-03 06:00:00,629,723,22.368359375,36.9397480349995
2023-11-03 07:00:00,629,722,22.368359375,36.53313765853139
2023-11-03 08:00:00,629,722,22.368359375,36.65777182224224
2023-11-03 09:00:00,627,723,22.368359375,36.69099230556063
2023-11-03 10:00:00,626,723,22.368359375,36.36788537395218
2023-11-03 11:00:00,626,723,22.368359375,36.74639798357085
2023-11-03 12:00:00,624,723,22.368359375,36.14057948152229
2023-11-03 13:00:00,624,723,22.368359375,36.32045847513489
2023-11-03 14:00:00,623,722,22.368359375,36.64132141620775
2023-11-03 15:00:00,622,722,22.368359375,36.9621673520155
2023-11-03 16:00:00,620,722,22.368359375,37.49365869564986
2023-11-03 17:00:00,618,722,22.368359375,38.4291243522031
2023-11-03 18:00:00,618,722,22.368359375,38.52500870584444
2023-11-03 19:00:00,617,720,22.368359375,39.13841740787123
2023-11-03 20:00:00,617,5,22.368359375,40.56937598634278
2023-11-03 21:00:00,615,0,22.368359375,41.78378469607432
2023-11-03 22:00:00,615,0,22.368359375,41.23807699334712
2023-11-03 23:00:00,614,0,22.368359375,41.322142115719096
2023-11-04 00:00:00,613,7,22.368359375,41.71246204628319
2023-11-04 01:00:00,611,6,22.368359375,42.47298855191048
2023-11-04 02:00:00,611,0,22.368359375,42.86446488024313
2023-11-04 03:00:00,611,0,22.368359375,45.86651271934805
2023-11-04 04:00:00,611,0,22.368359375,46.64907904661784
2023-11-04 05:00:00,611,727,22.8333984375,46.00102884745077
2023-11-04 06:00:00,611,723,22.368359375,44.84998652701223
2023-11-04 07:00:00,612,722,22.368359375,45.021487056898856
2023-11-04 08:00:00,611,721,22.368359375,44.43785458901971
2023-11-04 09:00:00,611,724,22.368359375,44.94230079773262
2023-11-04 10:00:00,612,723,22.368359375,46.316516581722645
2023-11-04 11:00:00,611,723,22.368359375,47.6305360328766
2023-11-04 12:00:00,612,723,22.368359375,46.10758066004391
2023-11-04 13:00:00,613,724,22.368359375,44.54410099749672
2023-11-04 14:00:00,612,723,22.368359375,45.22270361274664
2023-11-04 15:00:00,612,723,22.368359375,45.078536190196
2023-11-04 16:00:00,635,723,22.368359375,41.18665320359005
2023-11-04 17:00:00,625,723,22.368359375,40.48929269698608
2023-11-04 18:00:00,598,721,22.368359375,54.488898044980765
2023-11-04 19:00:00,592,721,23.625390625,51.19233079058279
2023-11-04 20:00:00,594,8,22.368359375,58.25814246666668
2023-11-04 21:00:00,591,9,22.368359375,50.21839596273621
2023-11-04 22:00:00,592,9,22.368359375,59.76657732571244
2023-11-04 23:00:00,590,9,22.368359375,52.66657161233326
2023-11-05 00:00:00,591,9,22.368359375,51.32192485556356
2023-11-05 01:00:00,592,10,22.368359375,42.04792729373396
2023-11-05 01:00:00,589,9,22.368359375,52.39031804244453
2023-11-05 02:00:00,588,9,22.368359375,49.20361898043178
2023-11-05 03:00:00,587,0,22.368359375,48.924737537927655
2023-11-05 04:00:00,587,728,22.368359375,47.95706432670023
2023-11-05 05:00:00,586,727,22.368359375,47.06644307704562
2023-11-05 06:00:00,586,724,22.368359375,46.74899091340637
2023-11-05 07:00:00,585,724,22.368359375,46.65794969667383
2023-11-05 08:00:00,584,724,22.368359375,46.664169690973104
2023-11-05 09:00:00,583,726,22.368359375,47.912856004229184
2023-11-05 10:00:00,582,726,22.368359375,48.2864501442615
2023-11-05 11:00:00,581,726,22.368359375,49.695629280235
2023-11-05 12:00:00,583,726,22.368359375,59.77401724539415
2023-11-05 13:00:00,583,727,22.368359375,44.58274034954433
2023-11-05 14:00:00,583,728,22.368359375,46.4655503886474
2023-11-05 15:00:00,580,728,22.368359375,62.06722598669986
2023-11-05 16:00:00,583,728,22.368359375,45.69070485460912
2023-11-05 17:00:00,580,728,22.368359375,62.07797028300365
2023-11-05 18:00:00,580,728,22.368359375,46.3310424544221
2023-11-05 19:00:00,577,5,22.368359375,60.80560495495424
2023-11-05 20:00:00,576,5,22.368359375,55.63298799602359
2023-11-05 21:00:00,580,6,22.368359375,44.52565192154774
2023-11-05 22:00:00,577,0,22.368359375,59.71688767817087
2023-11-05 23:00:00,576,0,22.368359375,55.84908287330495
2023-11-06 00:00:00,578,7,21.2953125,46.17570036891723
2023-11-06 01:00:00,575,0,21.566015625,61.73624228992195
2023-11-06 02:00:00,575,0,22.368359375,56.46556229843264
2023-11-06 03:00:00,574,0,22.368359375,54.74128190701455
2023-11-06 04:00:00,573,732,22.368359375,53.173888352948666
2023-11-06 05:00:00,572,733,22.368359375,51.87081862924749
2023-11-06 06:00:00,573,729,22.368359375,51.24416368254347
2023-11-06 07:00:00,572,728,22.368359375,50.28782551887018
2023-11-06 08:00:00,572,728,22.368359375,51.001792044566194
2023-11-06 09:00:00,570,732,22.368359375,51.19595417794702
2023-11-06 10:00:00,576,734,22.368359375,49.34008778873647
2023-11-06 11:00:00,570,737,22.368359375,62.03348369215077
2023-11-06 12:00:00,572,716,22.368359375,61.88198811717378
2023-11-06 13:00:00,569,716,22.368359375,62.77603124935464
2023-11-06 14:00:00,572,716,22.368359375,46.5803042332798
2023-11-06 15:00:00,567,716,22.368359375,63.87942170043518
2023-11-06 16:00:00,570,716,22.368359375,54.01637835913897
2023-11-06 17:00:00,568,716,22.368359375,55.06218867800888
2023-11-06 18:00:00,568,713,22.368359375,64.77004777660332
2023-11-06 19:00:00,567,0,22.368359375,61.01456669237446
2023-11-06 20:00:00,569,6,22.368359375,52.11237699901044
2023-11-06 21:00:00,565,5,22.368359375,61.888399138750806
2023-11-06 22:00:00,569,5,22.368359375,46.876791627612846
2023-11-06 23:00:00,566,4,22.49609375,62.74453896286902
2023-11-07 00:00:00,564,4,22.368359375,58.08164758672443
2023-11-07 01:00:00,569,5,22.368359375,45.74039542366381
2023-11-07 02:00:00,567,4,22.368359375,61.88148255652022
2023-11-07 03:00:00,564,0,22.368359375,58.07017762286173
2023-11-07 04:00:00,562,719,22.368359375,56.09470309011497
2023-11-07 05:00:00,561,716,22.368359375,54.8755878825515
2023-11-07 06:00:00,564,716,22.368359375,59.1790996323526
2023-11-07 07:00:00,561,716,22.368359375,57.33336213572488
2023-11-07 08:00:00,562,715,22.368359375,56.15341634705684
2023-11-07 09:00:00,560,716,22.368359375,56.51784086285262
2023-11-07 10:00:00,560,718,22.368359375,56.41531065324474
2023-11-07 11:00:00,559,718,22.368359375,57.201226235543295
2023-11-07 12:00:00,559,716,22.368359375,56.36233593396565
2023-11-07 13:00:00,559,716,22.368359375,55.50144109587542
2023-11-07 14:00:00,554,718,22.368359375,55.25724375041224
2023-11-07 15:00:00,557,708,22.368359375,63.85260648699915
2023-11-07 16:00:00,560,716,22.5318359375,46.24534027918433
2023-11-07 17:00:00,557,716,22.0515625,58.32541649478665
2023-11-07 18:00:00,555,711,22.368359375,56.40193286503796
2023-11-07 19:00:00,559,0,22.368359375,47.60815023179115
2023-11-07 20:00:00,560,0,22.368359375,45.28951897759241
2023-11-07 21:00:00,555,0,22.368359375,64.05338169691763
2023-11-07 22:00:00,559,3,22.368359375,51.154042983260624
2023-11-07 23:00:00,554,0,22.368359375,66.78515988131745
2023-11-08 00:00:00,556,0,22.368359375,49.431382373423645
2023-11-08 01:00:00,556,0,22.368359375,68.99825931254773
2023-11-08 02:00:00,553,0,22.368359375,63.18421864346386
2023-11-08 03:00:00,557,0,22.368359375,67.00721723749757
2023-11-08 04:00:00,554,719,22.368359375,63.47755150444515
2023-11-08 05:00:00,553,716,22.368359375,60.1287313095084
2023-11-08 06:00:00,555,716,22.368359375,58.34342096395926
2023-11-08 07:00:00,552,714,22.368359375,62.29751078995232
2023-11-08 08:00:00,552,715,22.368359375,60.36802276459721
2023-11-08 09:00:00,552,716,23.5896484375,60.12816282112991
2023-11-08 10:00:00,548,716,22.368359375,59.99039698011875
2023-11-08 11:00:00,549,716,22.368359375,60.62599132896609
2023-11-08 12:00:00,548,716,22.368359375,59.92592875557291
2023-11-08 13:00:00,548,716,22.368359375,59.415932062278806
2023-11-08 14:00:00,546,716,25.8431640625,58.8235680843339
2023-11-08 15:00:00,547,716,22.368359375,58.297034892488206
2023-11-08 16:00:00,550,715,22.368359375,48.890426191016815
2023-11-08 17:00:00,549,715,22.368359375,57.64241862012192
2023-11-08 18:00:00,545,714,22.368359375,56.81546612114758
2023-11-08 19:00:00,551,0,20.375390625,46.76304942256524
2023-11-08 20:00:00,548,0,22.368359375,60.91032080956246
2023-11-08 21:00:00,546,4,22.368359375,53.44274725028892
2023-11-08 22:00:00,544,0,22.368359375,66.32111845717428
2023-11-08 23:00:00,543,0,22.368359375,62.535380230734376
2023-11-09 00:00:00,544,5,22.368359375,48.13323587333319
2023-11-09 01:00:00,543,4,22.368359375,67.62438334274341
2023-11-09 02:00:00,543,0,22.368359375,57.91203830538433
2023-11-09 03:00:00,544,0,22.368359375,68.80739527385826
2023-11-09 04:00:00,542,718,22.368359375,63.02381213409471
2023-11-09 05:00:00,541,715,22.368359375,59.41836182450968
2023-11-09 06:00:00,541,715,22.368359375,55.7300757648732
2023-11-09 07:00:00,542,715,22.368359375,65.4468652585526
2023-11-09 08:00:00,539,714,22.368359375,60.26745657067045
2023-11-09 09:00:00,538,716,22.368359375,59.050568897743446
2023-11-09 10:00:00,539,715,22.368359375,59.88931582290938
2023-11-09 11:00:00,537,716,22.368359375,59.3912527856142
2023-11-09 12:00:00,536,716,22.368359375,59.38831527103069
2023-11-09 13:00:00,536,716,22.368359375,59.92861404272112
2023-11-09 14:00:00,538,732,22.368359375,59.40915781595968
2023-11-09 15:00:00,536,732,22.368359375,66.6718610786083
2023-11-09 16:00:00,534,732,22.368359375,62.61228145810584
2023-11-09 17:00:00,535,732,22.368359375,60.207498136224686
2023-11-09 18:00:00,535,732,22.368359375,59.243298047277065
2023-11-09 19:00:00,537,1,22.368359375,47.61906421264467
2023-11-09 20:00:00,537,1,22.368359375,65.641416879819
2023-11-09 21:00:00,532,1,22.368359375,61.52270888379239
2023-11-09 22:00:00,532,0,22.368359375,58.3870233785806
2023-11-09 23:00:00,532,1,22.368359375,58.22031589080908
2023-11-10 00:00:00,530,1,22.368359375,56.01828798779541
2023-11-10 01:00:00,531,0,22.368359375,53.49642378112623
2023-11-10 02:00:00,530,0,22.368359375,53.00317129253911
2023-11-10 03:00:00,530,0,22.368359375,53.18158958784073
2023-11-10 04:00:00,528,736,22.368359375,52.19192518285872
2023-11-10 05:00:00,528,732,22.368359375,51.52893361504556
2023-11-10 06:00:00,528,732,22.368359375,50.91164649657553
2023-11-10 07:00:00,528,732,22.368359375,50.59096006051927
2023-11-10 08:00:00,528,732,22.368359375,50.04183465726435
2023-11-10 09:00:00,528,734,22.368359375,50.219411163933096
2023-11-10 10:00:00,527,732,22.368359375,51.84889431889835
2023-11-10 11:00:00,525,732,22.368359375,50.71101861459372
2023-11-10 12:00:00,525,735,22.368359375,49.72031920750201
2023-11-10 13:00:00,522,732,22.368359375,47.72420939007613
2023-11-10 14:00:00,521,732,22.368359375,46.595243464614136
2023-11-10 15:00:00,520,729,22.368359375,46.02520360439641
2023-11-10 16:00:00,521,729,22.368359375,45.4884352042058
2023-11-10 17:00:00,520,728,22.368359375,44.79136060579541
2023-11-10 18:00:00,520,728,22.368359375,45.20201848201363
2023-11-10 19:00:00,520,1,22.368359375,46.057433313829335
2023-11-10 20:00:00,520,1,22.368359375,48.81857195786336
2023-11-10 21:00:00,517,1,22.368359375,47.72696322397967
2023-11-10 22:00:00,517,1,22.368359375,47.14473299712357
2023-11-10 23:00:00,517,1,22.368359375,46.87156286064829
2023-11-11 00:00:00,517,0,22.368359375,47.12705350546507
2023-11-11 01:00:00,516,0,22.368359375,47.873413113162144
2023-11-11 02:00:00,516,0,22.368359375,48.36070419292447
2023-11-11 03:00:00,514,0,22.368359375,49.15160646910204
2023-11-11 04:00:00,513,736,22.368359375,48.91715988943695
2023-11-11 05:00:00,519,734,22.368359375,47.49047581979472
2023-11-11 06:00:00,513,732,22.368359375,46.598673633065545
2023-11-11 07:00:00,513,732,22.368359375,46.15714263552188
2023-11-11 08:00:00,513,732,22.368359375,46.25827100023628
2023-11-11 09:00:00,512,734,22.368359375,46.08867729161109
2023-11-11 10:00:00,512,732,22.368359375,45.98158815970299
2023-11-11 11:00:00,511,732,22.368359375,46.010801181973626
2023-11-11 12:00:00,512,732,22.368359375,46.49796007762413
2023-11-11 13:00:00,481,736,22.368359375,48.31244374340623
2023-11-11 14:00:00,477,736,22.368359375,47.46647989061707
2023-11-11 15:00:00,477,736,22.368359375,47.28440859472214
2023-11-11 16:00:00,608,721,22.368359375,48.24502848728061
2023-11-11 17:00:00,611,725,22.368359375,48.40255837204519
2023-11-11 18:00:00,621,726,22.368359375,48.06534266530812
2023-11-11 19:00:00,630,0,22.368359375,48.63738525133859
2023-11-11 20:00:00,639,0,22.368359375,49.73240128015898
2023-11-11 21:00:00,645,0,22.368359375,49.48591125365926
2023-11-11 22:00:00,651,0,22.368359375,49.6168960327446
2023-11-11 23:00:00,658,0,22.368359375,49.31509473904504
2023-11-12 00:00:00,664,0,22.4755859375,48.92744772913831
2023-11-12 01:00:00,669,0,22.368359375,48.78255509449903
2023-11-12 02:00:00,675,0,22.368359375,49.79977666570949
2023-11-12 03:00:00,681,0,22.368359375,49.6820152428771
2023-11-12 04:00:00,685,0,22.368359375,48.41476896345984
2023-11-12 05:00:00,687,0,22.368359375,48.73695554766525
2023-11-12 06:00:00,689,0,22.368359375,48.9752251833766
2023-11-12 07:00:00,689,0,22.368359375,49.1301590420408
2023-11-12 08:00:00,691,0,22.368359375,49.21355890034106
2023-11-12 09:00:00,690,92,22.368359375,49.34296764344751
2023-11-12 10:00:00,692,92,22.368359375,49.57481616093819
2023-11-12 11:00:00,693,88,22.368359375,49.65542096884255
2023-11-12 12:00:00,692,733,22.368359375,50.60490085590948
2023-11-12 13:00:00,694,730,23.4208984375,48.09839932233817
2023-11-12 14:00:00,696,729,22.368359375,47.958328526548016
2023-11-12 15:00:00,697,742,22.368359375,47.63180234198495
2023-11-12 16:00:00,697,742,22.368359375,47.530609982466906
2023-11-12 17:00:00,698,741,22.368359375,47.63819945112073
2023-11-12 18:00:00,699,741,22.368359375,47.703405716395785
2023-11-12 19:00:00,700,0,22.368359375,48.70893948145178
2023-11-12 20:00:00,702,0,22.368359375,50.11328789292881
2023-11-12 21:00:00,702,0,22.368359375,49.88441642129703
2023-11-12 22:00:00,702,0,22.4041015625,49.4452563290134
2023-11-12 23:00:00,702,0,22.368359375,49.83891399303867
2023-11-13 00:00:00,703,0,22.368359375,49.56758069610708
2023-11-13 01:00:00,705,0,22.368359375,49.18216322923463
2023-11-13 02:00:00,706,0,22.368359375,49.2520381390452
2023-11-13 03:00:00,706,0,22.368359375,51.47012939937847
2023-11-13 04:00:00,706,745,22.368359375,49.48410061188396
2023-11-13 05:00:00,707,742,22.368359375,48.34845537181478
2023-11-13 06:00:00,708,742,22.368359375,47.82763237752243
2023-11-13 07:00:00,708,741,22.368359375,48.09709597635945
2023-11-13 08:00:00,709,741,22.368359375,48.54187052428879
2023-11-13 09:00:00,710,742,22.368359375,48.09670240530893
2023-11-13 10:00:00,709,742,22.368359375,49.00017040140138
2023-11-13 11:00:00,709,743,22.368359375,49.67821977586609
2023-11-13 12:00:00,710,742,22.25078125,50.19218805914665
2023-11-13 13:00:00,709,742,22.368359375,50.1415093881687
2023-11-13 14:00:00,710,741,22.5880859375,50.09865513562499
2023-11-13 15:00:00,710,741,22.368359375,49.87025068891377
2023-11-13 16:00:00,711,741,22.368359375,50.14842841859032
2023-11-13 17:00:00,710,741,22.368359375,49.66947490259689
2023-11-13 18:00:00,711,741,22.368359375,49.49422155108067
2023-11-13 19:00:00,713,0,22.368359375,50.782180013430505
2023-11-13 20:00:00,714,0,22.368359375,51.37648522854213
2023-11-13 21:00:00,713,0,22.368359375,51.0836356441092
2023-11-13 22:00:00,714,0,22.368359375,50.24983508861737
2023-11-13 23:00:00,713,0,22.368359375,49.36397353210836
2023-11-14 00:00:00,714,0,22.368359375,49.49123588047648
2023-11-14 01:00:00,714,0,22.368359375,50.47931817172362
2023-11-14 02:00:00,715,0,22.368359375,50.89749054273228
2023-11-14 03:00:00,714,0,22.368359375,50.79882465385211
2023-11-14 04:00:00,713,737,22.368359375,48.93560351504271
2023-11-14 05:00:00,714,742,22.368359375,47.63331717403747
2023-11-14 06:00:00,715,741,22.368359375,47.15165886467551
2023-11-14 07:00:00,715,741,22.368359375,46.76164324715653
2023-11-14 08:00:00,714,741,22.368359375,46.9390142417312
2023-11-14 09:00:00,714,734,22.368359375,47.39899552505538
2023-11-14 10:00:00,715,742,22.368359375,47.162554978466254
2023-11-14 11:00:00,715,741,22.368359375,47.88302900698745
2023-11-14 12:00:00,716,741,22.368359375,40.084895095202114
2023-11-14 13:00:00,716,741,22.368359375,52.68893233791433
2023-11-14 14:00:00,715,741,22.368359375,50.90633637506512
2023-11-14 15:00:00,717,742,22.368359375,58.1453072357195
2023-11-14 16:00:00,716,742,22.368359375,51.95653763091616
2023-11-14 17:00:00,716,742,22.368359375,50.58795200090671
2023-11-14 18:00:00,716,740,22.368359375,50.16890715144584
2023-11-14 19:00:00,717,0,22.368359375,50.74166690939546
2023-11-14 20:00:00,717,0,22.368359375,50.90786648177313
2023-11-14 21:00:00,717,0,22.2099609375,50.68190519884665
2023-11-14 22:00:00,717,0,22.368359375,51.00088934259597
2023-11-14 23:00:00,718,0,22.368359375,50.865242471000784
2023-11-15 00:00:00,717,0,22.368359375,52.05816959694046
2023-11-15 01:00:00,718,0,22.368359375,51.216936721394994
2023-11-15 02:00:00,718,0,22.368359375,50.96377973388353
2023-11-15 03:00:00,719,0,22.368359375,50.58652279444188
2023-11-15 04:00:00,721,747,22.368359375,48.862280782824335
2023-11-15 05:00:00,718,743,22.368359375,47.44045585549839
2023-11-15 06:00:00,719,742,22.368359375,46.20318463055988
2023-11-15 07:00:00,719,742,22.368359375,46.235174590880206
2023-11-15 08:00:00,719,742,21.7654296875,46.64549321367452
2023-11-15 09:00:00,718,743,22.368359375,48.5246297763937
2023-11-15 10:00:00,718,743,22.2609375,48.217413957767214
2023-11-15 11:00:00,719,743,22.368359375,48.1608795749261
2023-11-15 12:00:00,717,742,22.368359375,47.27902142944636
2023-11-15 13:00:00,720,743,22.368359375,54.76157960929202
2023-11-15 14:00:00,720,742,22.368359375,53.8282482441249
2023-11-15 15:00:00,719,742,22.828125,50.60701709505064
2023-11-15 16:00:00,720,742,22.368359375,48.50968607968768
2023-11-15 17:00:00,721,742,21.79609375,49.33141689933601
2023-11-15 18:00:00,720,739,23.2064453125,48.57040520263085
2023-11-15 19:00:00,724,0,21.0244140625,57.4116937392777
2023-11-15 20:00:00,723,0,21.8625,50.4984379917092
2023-11-15 21:00:00,724,0,22.00546875,49.27956434960617
2023-11-15 22:00:00,724,0,22.1384765625,48.519718772166925
2023-11-15 23:00:00,724,0,22.1537109375,47.70174074660736
2023-11-16 00:00:00,725,0,22.368359375,48.0507682396258
2023-11-16 01:00:00,725,0,22.368359375,47.779326009154566
2023-11-16 02:00:00,726,0,22.368359375,48.03602870598979
2023-11-16 03:00:00,728,0,22.368359375,48.45164581464713
2023-11-16 04:00:00,747,735,22.1587890625,47.6849022730358
2023-11-16 05:00:00,747,731,22.491015625,46.18256658734845
2023-11-16 06:00:00,738,736,22.4755859375,46.6174089913702
2023-11-16 07:00:00,725,739,22.368359375,46.57390558288692
2023-11-16 08:00:00,726,739,22.368359375,46.15522327389898
2023-11-16 09:00:00,725,740,22.5779296875,46.52296333320539
2023-11-16 10:00:00,726,739,22.756640625,48.374000124302825
2023-11-16 11:00:00,725,739,22.690234375,47.886775795982686
2023-11-16 12:00:00,725,739,22.368359375,47.92747915792626
2023-11-16 13:00:00,725,739,22.823046875,47.799379395003584
2023-11-16 14:00:00,724,739,22.87421875,47.89020410895535
2023-11-16 15:00:00,724,739,22.368359375,47.626253527856434
2023-11-16 16:00:00,726,739,22.935546875,47.62634473943252
2023-11-16 17:00:00,724,739,22.368359375,47.4449426497258
2023-11-16 18:00:00,689,638,22.368359375,47.21255936270647
2023-11-16 19:00:00,689,0,22.368359375,48.32534917988803
2023-11-16 20:00:00,692,0,22.368359375,49.02896765293271
2023-11-16 21:00:00,692,0,22.368359375,48.98661641254125
2023-11-16 22:00:00,692,0,22.368359375,48.82922326274578
2023-11-16 23:00:00,692,0,22.368359375,48.73452587203544
2023-11-17 00:00:00,692,0,22.368359375,49.42233568063601
2023-11-17 01:00:00,695,0,22.368359375,48.71299394484372
2023-11-17 02:00:00,692,0,22.368359375,49.40718246438684
2023-11-17 03:00:00,696,0,22.368359375,45.00705355048707
2023-11-17 04:00:00,698,639,22.368359375,57.83890881744663
2023-11-17 05:00:00,701,627,22.368359375,51.19414184657519
2023-11-17 06:00:00,704,624,22.368359375,49.661775813917664
2023-11-17 07:00:00,697,624,22.368359375,48.86835029134851
2023-11-17 08:00:00,705,624,22.368359375,48.700813046988046
2023-11-17 09:00:00,705,632,22.368359375,44.70823321246554
2023-11-17 10:00:00,705,625,21.10625,54.6290345965953
2023-11-17 11:00:00,705,625,22.368359375,48.537473351840255
2023-11-17 12:00:00,722,624,22.368359375,46.456500770395
2023-11-17 13:00:00,721,625,22.368359375,62.14755409043369
2023-11-17 14:00:00,724,625,22.368359375,43.94277308870701
2023-11-17 15:00:00,724,627,22.368359375,43.31029031497617
2023-11-17 16:00:00,724,624,22.368359375,43.10514118861931
2023-11-17 17:00:00,720,632,22.368359375,61.61335030290426
2023-11-17 18:00:00,712,632,22.0771484375,55.79974834175543
2023-11-17 19:00:00,717,0,22.368359375,54.33418786943372
2023-11-17 20:00:00,712,0,22.368359375,55.21313271197967
2023-11-17 21:00:00,712,0,22.368359375,49.54120094044043
2023-11-17 22:00:00,713,0,22.368359375,63.89159894096361
2023-11-17 23:00:00,717,0,22.368359375,58.49175968025413
2023-11-18 00:00:00,720,0,22.368359375,56.462649675949024
2023-11-18 01:00:00,720,0,22.368359375,64.30743556566605
2023-11-18 02:00:00,720,0,22.368359375,59.14299484739096
2023-11-18 03:00:00,729,0,22.368359375,56.992742734734094
2023-11-18 04:00:00,722,632,22.368359375,55.08908084125805
2023-11-18 05:00:00,724,624,22.368359375,53.62464012684124
2023-11-18 06:00:00,720,624,22.368359375,53.05865406820156
2023-11-18 07:00:00,756,607,22.368359375,53.03547425096991
2023-11-18 08:00:00,744,608,22.368359375,52.69921481928513
2023-11-18 09:00:00,727,624,22.368359375,52.70222860517033
2023-11-18 10:00:00,733,622,22.368359375,52.76242804447337
2023-11-18 11:00:00,732,620,23.0990234375,53.014611313020886
2023-11-18 12:00:00,729,624,22.368359375,53.26213598595359
2023-11-18 13:00:00,733,624,22.368359375,49.78654935458619
2023-11-18 14:00:00,729,624,22.368359375,60.68962390321197
2023-11-18 15:00:00,717,625,24.1107421875,54.92899314775586
2023-11-18 16:00:00,717,624,22.368359375,61.222776509962536
2023-11-18 17:00:00,722,624,21.87265625,45.07269354927336
2023-11-18 18:00:00,719,624,22.368359375,58.67664650395141
2023-11-18 19:00:00,717,0,22.368359375,54.3709328990812
2023-11-18 20:00:00,714,0,22.368359375,53.06043374998759
2023-11-18 21:00:00,712,0,22.368359375,51.45712970015142
2023-11-18 22:00:00,712,0,22.368359375,51.97310295282335
2023-11-18 23:00:00,712,0,22.368359375,50.94865505431641
2023-11-19 00:00:00,712,0,22.368359375,50.23716820608509
2023-11-19 01:00:00,712,0,22.368359375,49.74151926584808
2023-11-19 02:00:00,712,0,22.5318359375,49.312595394786285
2023-11-19 03:00:00,712,0,22.368359375,48.881527846753535
2023-11-19 04:00:00,711,624,22.368359375,47.83145113101025
2023-11-19 05:00:00,711,620,22.368359375,47.18659940173418
2023-11-19 06:00:00,711,615,22.368359375,48.10560878000795
2023-11-19 07:00:00,708,620,22.368359375,48.05391715335656
2023-11-19 08:00:00,712,620,22.368359375,48.06510925546135
2023-11-19 09:00:00,708,624,22.368359375,48.84986902728328
2023-11-19 10:00:00,706,624,22.368359375,49.63924691518552
2023-11-19 11:00:00,708,624,22.368359375,50.64604756162412
2023-11-19 12:00:00,706,624,22.368359375,50.51072980552909
2023-11-19 13:00:00,705,640,22.368359375,52.80533427164428
2023-11-19 14:00:00,705,639,22.368359375,51.65998003060759
2023-11-19 15:00:00,705,639,22.368359375,51.3592186750049
2023-11-19 16:00:00,704,639,22.368359375,51.405057863405005
2023-11-19 17:00:00,703,639,22.368359375,51.999564269220905
2023-11-19 18:00:00,701,639,22.368359375,51.5278660184136
2023-11-19 19:00:00,701,0,22.368359375,52.359522596048215
2023-11-19 20:00:00,701,0,22.368359375,52.85735925227117
2023-11-19 21:00:00,701,0,22.368359375,52.447897570429
2023-11-19 22:00:00,705,0,22.368359375,60.22637986710808
2023-11-19 23:00:00,703,0,22.368359375,53.94826850637289
2023-11-20 00:00:00,725,0,22.368359375,59.89743855868041
2023-11-20 01:00:00,745,0,22.368359375,54.5333515464563
2023-11-20 02:00:00,708,0,22.368359375,53.690079089085785
2023-11-20 03:00:00,705,0,22.368359375,53.031682021392186
2023-11-20 04:00:00,709,632,22.368359375,60.76464541651959
2023-11-20 05:00:00,711,623,22.368359375,56.08600924053201
2023-11-20 06:00:00,712,623,22.368359375,55.54567955162669
2023-11-20 07:00:00,740,606,22.368359375,55.85853918914699
2023-11-20 08:00:00,740,608,22.368359375,59.44003156614518
2023-11-20 09:00:00,740,608,22.368359375,56.98619185387357
2023-11-20 10:00:00,740,608,22.368359375,56.80421808550544
2023-11-20 11:00:00,740,609,22.368359375,57.05048692437632
2023-11-20 12:00:00,732,614,22.368359375,58.80152634954568
2023-11-20 13:00:00,680,664,22.368359375,56.98544281863936
2023-11-20 14:00:00,681,657,22.368359375,43.63797678540088
2023-11-20 15:00:00,679,659,22.368359375,60.42295376387811
2023-11-20 16:00:00,680,640,22.368359375,45.31084995798228
2023-11-20 17:00:00,680,639,22.368359375,62.19677847362616
2023-11-20 18:00:00,676,639,22.368359375,57.73017226604991
